--
-- PostgreSQL database dump
--

-- Dumped from database version 16.3
-- Dumped by pg_dump version 16.3

SET statement_timeout = 0;
SET lock_timeout = 0;
SET idle_in_transaction_session_timeout = 0;
SET client_encoding = 'UTF8';
SET standard_conforming_strings = on;
SELECT pg_catalog.set_config('search_path', '', false);
SET check_function_bodies = false;
SET xmloption = content;
SET client_min_messages = warning;
SET row_security = off;

SET default_tablespace = '';

SET default_table_access_method = heap;

--
-- Name: accounts_customuser; Type: TABLE; Schema: public; Owner: db_cyberuser
--

CREATE TABLE public.accounts_customuser (
    id bigint NOT NULL,
    password character varying(128) NOT NULL,
    last_login timestamp with time zone,
    is_superuser boolean NOT NULL,
    username character varying(150) NOT NULL,
    first_name character varying(150) NOT NULL,
    last_name character varying(150) NOT NULL,
    email character varying(254) NOT NULL,
    is_staff boolean NOT NULL,
    is_active boolean NOT NULL,
    date_joined timestamp with time zone NOT NULL,
    department character varying(100),
    extension character varying(20),
    user_group character varying(100),
    client_id bigint NOT NULL
);


ALTER TABLE public.accounts_customuser OWNER TO db_cyberuser;

--
-- Name: accounts_customuser_groups; Type: TABLE; Schema: public; Owner: db_cyberuser
--

CREATE TABLE public.accounts_customuser_groups (
    id bigint NOT NULL,
    customuser_id bigint NOT NULL,
    group_id integer NOT NULL
);


ALTER TABLE public.accounts_customuser_groups OWNER TO db_cyberuser;

--
-- Name: accounts_customuser_groups_id_seq; Type: SEQUENCE; Schema: public; Owner: db_cyberuser
--

ALTER TABLE public.accounts_customuser_groups ALTER COLUMN id ADD GENERATED BY DEFAULT AS IDENTITY (
    SEQUENCE NAME public.accounts_customuser_groups_id_seq
    START WITH 1
    INCREMENT BY 1
    NO MINVALUE
    NO MAXVALUE
    CACHE 1
);


--
-- Name: accounts_customuser_id_seq; Type: SEQUENCE; Schema: public; Owner: db_cyberuser
--

ALTER TABLE public.accounts_customuser ALTER COLUMN id ADD GENERATED BY DEFAULT AS IDENTITY (
    SEQUENCE NAME public.accounts_customuser_id_seq
    START WITH 1
    INCREMENT BY 1
    NO MINVALUE
    NO MAXVALUE
    CACHE 1
);


--
-- Name: accounts_customuser_user_permissions; Type: TABLE; Schema: public; Owner: db_cyberuser
--

CREATE TABLE public.accounts_customuser_user_permissions (
    id bigint NOT NULL,
    customuser_id bigint NOT NULL,
    permission_id integer NOT NULL
);


ALTER TABLE public.accounts_customuser_user_permissions OWNER TO db_cyberuser;

--
-- Name: accounts_customuser_user_permissions_id_seq; Type: SEQUENCE; Schema: public; Owner: db_cyberuser
--

ALTER TABLE public.accounts_customuser_user_permissions ALTER COLUMN id ADD GENERATED BY DEFAULT AS IDENTITY (
    SEQUENCE NAME public.accounts_customuser_user_permissions_id_seq
    START WITH 1
    INCREMENT BY 1
    NO MINVALUE
    NO MAXVALUE
    CACHE 1
);


--
-- Name: auth_group; Type: TABLE; Schema: public; Owner: db_cyberuser
--

CREATE TABLE public.auth_group (
    id integer NOT NULL,
    name character varying(150) NOT NULL
);


ALTER TABLE public.auth_group OWNER TO db_cyberuser;

--
-- Name: auth_group_id_seq; Type: SEQUENCE; Schema: public; Owner: db_cyberuser
--

ALTER TABLE public.auth_group ALTER COLUMN id ADD GENERATED BY DEFAULT AS IDENTITY (
    SEQUENCE NAME public.auth_group_id_seq
    START WITH 1
    INCREMENT BY 1
    NO MINVALUE
    NO MAXVALUE
    CACHE 1
);


--
-- Name: auth_group_permissions; Type: TABLE; Schema: public; Owner: db_cyberuser
--

CREATE TABLE public.auth_group_permissions (
    id bigint NOT NULL,
    group_id integer NOT NULL,
    permission_id integer NOT NULL
);


ALTER TABLE public.auth_group_permissions OWNER TO db_cyberuser;

--
-- Name: auth_group_permissions_id_seq; Type: SEQUENCE; Schema: public; Owner: db_cyberuser
--

ALTER TABLE public.auth_group_permissions ALTER COLUMN id ADD GENERATED BY DEFAULT AS IDENTITY (
    SEQUENCE NAME public.auth_group_permissions_id_seq
    START WITH 1
    INCREMENT BY 1
    NO MINVALUE
    NO MAXVALUE
    CACHE 1
);


--
-- Name: auth_permission; Type: TABLE; Schema: public; Owner: db_cyberuser
--

CREATE TABLE public.auth_permission (
    id integer NOT NULL,
    name character varying(255) NOT NULL,
    content_type_id integer NOT NULL,
    codename character varying(100) NOT NULL
);


ALTER TABLE public.auth_permission OWNER TO db_cyberuser;

--
-- Name: auth_permission_id_seq; Type: SEQUENCE; Schema: public; Owner: db_cyberuser
--

ALTER TABLE public.auth_permission ALTER COLUMN id ADD GENERATED BY DEFAULT AS IDENTITY (
    SEQUENCE NAME public.auth_permission_id_seq
    START WITH 1
    INCREMENT BY 1
    NO MINVALUE
    NO MAXVALUE
    CACHE 1
);


--
-- Name: campaigns_campaign; Type: TABLE; Schema: public; Owner: db_cyberuser
--

CREATE TABLE public.campaigns_campaign (
    id bigint NOT NULL,
    title character varying(255) NOT NULL,
    start_date timestamp with time zone NOT NULL,
    end_date timestamp with time zone NOT NULL,
    number_of_emails integer NOT NULL,
    created_at timestamp with time zone NOT NULL,
    client_id bigint NOT NULL,
    CONSTRAINT campaigns_campaign_number_of_emails_check CHECK ((number_of_emails >= 0))
);


ALTER TABLE public.campaigns_campaign OWNER TO db_cyberuser;

--
-- Name: campaigns_campaign_groups; Type: TABLE; Schema: public; Owner: db_cyberuser
--

CREATE TABLE public.campaigns_campaign_groups (
    id bigint NOT NULL,
    campaign_id bigint NOT NULL,
    group_id integer NOT NULL
);


ALTER TABLE public.campaigns_campaign_groups OWNER TO db_cyberuser;

--
-- Name: campaigns_campaign_groups_id_seq; Type: SEQUENCE; Schema: public; Owner: db_cyberuser
--

ALTER TABLE public.campaigns_campaign_groups ALTER COLUMN id ADD GENERATED BY DEFAULT AS IDENTITY (
    SEQUENCE NAME public.campaigns_campaign_groups_id_seq
    START WITH 1
    INCREMENT BY 1
    NO MINVALUE
    NO MAXVALUE
    CACHE 1
);


--
-- Name: campaigns_campaign_id_seq; Type: SEQUENCE; Schema: public; Owner: db_cyberuser
--

ALTER TABLE public.campaigns_campaign ALTER COLUMN id ADD GENERATED BY DEFAULT AS IDENTITY (
    SEQUENCE NAME public.campaigns_campaign_id_seq
    START WITH 1
    INCREMENT BY 1
    NO MINVALUE
    NO MAXVALUE
    CACHE 1
);


--
-- Name: campaigns_campaign_templates; Type: TABLE; Schema: public; Owner: db_cyberuser
--

CREATE TABLE public.campaigns_campaign_templates (
    id bigint NOT NULL,
    campaign_id bigint NOT NULL,
    emailtemplate_id bigint NOT NULL
);


ALTER TABLE public.campaigns_campaign_templates OWNER TO db_cyberuser;

--
-- Name: campaigns_campaign_templates_id_seq; Type: SEQUENCE; Schema: public; Owner: db_cyberuser
--

ALTER TABLE public.campaigns_campaign_templates ALTER COLUMN id ADD GENERATED BY DEFAULT AS IDENTITY (
    SEQUENCE NAME public.campaigns_campaign_templates_id_seq
    START WITH 1
    INCREMENT BY 1
    NO MINVALUE
    NO MAXVALUE
    CACHE 1
);


--
-- Name: campaigns_phishingtestlog; Type: TABLE; Schema: public; Owner: db_cyberuser
--

CREATE TABLE public.campaigns_phishingtestlog (
    id bigint NOT NULL,
    action character varying(20) NOT NULL,
    "timestamp" timestamp with time zone NOT NULL,
    campaign_id bigint NOT NULL,
    user_id bigint NOT NULL
);


ALTER TABLE public.campaigns_phishingtestlog OWNER TO db_cyberuser;

--
-- Name: campaigns_phishingtestlog_id_seq; Type: SEQUENCE; Schema: public; Owner: db_cyberuser
--

ALTER TABLE public.campaigns_phishingtestlog ALTER COLUMN id ADD GENERATED BY DEFAULT AS IDENTITY (
    SEQUENCE NAME public.campaigns_phishingtestlog_id_seq
    START WITH 1
    INCREMENT BY 1
    NO MINVALUE
    NO MAXVALUE
    CACHE 1
);


--
-- Name: django_admin_log; Type: TABLE; Schema: public; Owner: db_cyberuser
--

CREATE TABLE public.django_admin_log (
    id integer NOT NULL,
    action_time timestamp with time zone NOT NULL,
    object_id text,
    object_repr character varying(200) NOT NULL,
    action_flag smallint NOT NULL,
    change_message text NOT NULL,
    content_type_id integer,
    user_id bigint NOT NULL,
    CONSTRAINT django_admin_log_action_flag_check CHECK ((action_flag >= 0))
);


ALTER TABLE public.django_admin_log OWNER TO db_cyberuser;

--
-- Name: django_admin_log_id_seq; Type: SEQUENCE; Schema: public; Owner: db_cyberuser
--

ALTER TABLE public.django_admin_log ALTER COLUMN id ADD GENERATED BY DEFAULT AS IDENTITY (
    SEQUENCE NAME public.django_admin_log_id_seq
    START WITH 1
    INCREMENT BY 1
    NO MINVALUE
    NO MAXVALUE
    CACHE 1
);


--
-- Name: django_content_type; Type: TABLE; Schema: public; Owner: db_cyberuser
--

CREATE TABLE public.django_content_type (
    id integer NOT NULL,
    app_label character varying(100) NOT NULL,
    model character varying(100) NOT NULL
);


ALTER TABLE public.django_content_type OWNER TO db_cyberuser;

--
-- Name: django_content_type_id_seq; Type: SEQUENCE; Schema: public; Owner: db_cyberuser
--

ALTER TABLE public.django_content_type ALTER COLUMN id ADD GENERATED BY DEFAULT AS IDENTITY (
    SEQUENCE NAME public.django_content_type_id_seq
    START WITH 1
    INCREMENT BY 1
    NO MINVALUE
    NO MAXVALUE
    CACHE 1
);


--
-- Name: django_migrations; Type: TABLE; Schema: public; Owner: db_cyberuser
--

CREATE TABLE public.django_migrations (
    id bigint NOT NULL,
    app character varying(255) NOT NULL,
    name character varying(255) NOT NULL,
    applied timestamp with time zone NOT NULL
);


ALTER TABLE public.django_migrations OWNER TO db_cyberuser;

--
-- Name: django_migrations_id_seq; Type: SEQUENCE; Schema: public; Owner: db_cyberuser
--

ALTER TABLE public.django_migrations ALTER COLUMN id ADD GENERATED BY DEFAULT AS IDENTITY (
    SEQUENCE NAME public.django_migrations_id_seq
    START WITH 1
    INCREMENT BY 1
    NO MINVALUE
    NO MAXVALUE
    CACHE 1
);


--
-- Name: django_session; Type: TABLE; Schema: public; Owner: db_cyberuser
--

CREATE TABLE public.django_session (
    session_key character varying(40) NOT NULL,
    session_data text NOT NULL,
    expire_date timestamp with time zone NOT NULL
);


ALTER TABLE public.django_session OWNER TO db_cyberuser;

--
-- Name: django_summernote_attachment; Type: TABLE; Schema: public; Owner: db_cyberuser
--

CREATE TABLE public.django_summernote_attachment (
    id bigint NOT NULL,
    name character varying(255),
    file character varying(100) NOT NULL,
    uploaded timestamp with time zone NOT NULL
);


ALTER TABLE public.django_summernote_attachment OWNER TO db_cyberuser;

--
-- Name: django_summernote_attachment_id_seq; Type: SEQUENCE; Schema: public; Owner: db_cyberuser
--

ALTER TABLE public.django_summernote_attachment ALTER COLUMN id ADD GENERATED BY DEFAULT AS IDENTITY (
    SEQUENCE NAME public.django_summernote_attachment_id_seq
    START WITH 1
    INCREMENT BY 1
    NO MINVALUE
    NO MAXVALUE
    CACHE 1
);


--
-- Name: jet_bookmark; Type: TABLE; Schema: public; Owner: db_cyberuser
--

CREATE TABLE public.jet_bookmark (
    id bigint NOT NULL,
    url character varying(200) NOT NULL,
    title character varying(255) NOT NULL,
    user_id bigint,
    date_add timestamp with time zone NOT NULL
);


ALTER TABLE public.jet_bookmark OWNER TO db_cyberuser;

--
-- Name: jet_bookmark_id_seq; Type: SEQUENCE; Schema: public; Owner: db_cyberuser
--

ALTER TABLE public.jet_bookmark ALTER COLUMN id ADD GENERATED BY DEFAULT AS IDENTITY (
    SEQUENCE NAME public.jet_bookmark_id_seq
    START WITH 1
    INCREMENT BY 1
    NO MINVALUE
    NO MAXVALUE
    CACHE 1
);


--
-- Name: jet_pinnedapplication; Type: TABLE; Schema: public; Owner: db_cyberuser
--

CREATE TABLE public.jet_pinnedapplication (
    id bigint NOT NULL,
    app_label character varying(255) NOT NULL,
    user_id bigint,
    date_add timestamp with time zone NOT NULL
);


ALTER TABLE public.jet_pinnedapplication OWNER TO db_cyberuser;

--
-- Name: jet_pinnedapplication_id_seq; Type: SEQUENCE; Schema: public; Owner: db_cyberuser
--

ALTER TABLE public.jet_pinnedapplication ALTER COLUMN id ADD GENERATED BY DEFAULT AS IDENTITY (
    SEQUENCE NAME public.jet_pinnedapplication_id_seq
    START WITH 1
    INCREMENT BY 1
    NO MINVALUE
    NO MAXVALUE
    CACHE 1
);


--
-- Name: mailtemplates_emailtemplate; Type: TABLE; Schema: public; Owner: db_cyberuser
--

CREATE TABLE public.mailtemplates_emailtemplate (
    id bigint NOT NULL,
    name character varying(255) NOT NULL,
    subject character varying(255) NOT NULL,
    body text NOT NULL,
    client_id bigint NOT NULL
);


ALTER TABLE public.mailtemplates_emailtemplate OWNER TO db_cyberuser;

--
-- Name: mailtemplates_emailtemplate_id_seq; Type: SEQUENCE; Schema: public; Owner: db_cyberuser
--

ALTER TABLE public.mailtemplates_emailtemplate ALTER COLUMN id ADD GENERATED BY DEFAULT AS IDENTITY (
    SEQUENCE NAME public.mailtemplates_emailtemplate_id_seq
    START WITH 1
    INCREMENT BY 1
    NO MINVALUE
    NO MAXVALUE
    CACHE 1
);


--
-- Name: tenants_client; Type: TABLE; Schema: public; Owner: db_cyberuser
--

CREATE TABLE public.tenants_client (
    id bigint NOT NULL,
    name character varying(255) NOT NULL,
    slug character varying(50) NOT NULL,
    contact_name character varying(255) NOT NULL,
    contact_email character varying(255) NOT NULL,
    contact_phone character varying(50) NOT NULL,
    contact_plan character varying(150) NOT NULL,
    contact_payment_date character varying(30) NOT NULL
);


ALTER TABLE public.tenants_client OWNER TO db_cyberuser;

--
-- Name: tenants_client_id_seq; Type: SEQUENCE; Schema: public; Owner: db_cyberuser
--

ALTER TABLE public.tenants_client ALTER COLUMN id ADD GENERATED BY DEFAULT AS IDENTITY (
    SEQUENCE NAME public.tenants_client_id_seq
    START WITH 1
    INCREMENT BY 1
    NO MINVALUE
    NO MAXVALUE
    CACHE 1
);


--
-- Name: tenants_tenantattachment; Type: TABLE; Schema: public; Owner: db_cyberuser
--

CREATE TABLE public.tenants_tenantattachment (
    id bigint NOT NULL,
    description text,
    attachment_id bigint NOT NULL,
    client_id bigint NOT NULL
);


ALTER TABLE public.tenants_tenantattachment OWNER TO db_cyberuser;

--
-- Name: tenants_tenantattachment_id_seq; Type: SEQUENCE; Schema: public; Owner: db_cyberuser
--

ALTER TABLE public.tenants_tenantattachment ALTER COLUMN id ADD GENERATED BY DEFAULT AS IDENTITY (
    SEQUENCE NAME public.tenants_tenantattachment_id_seq
    START WITH 1
    INCREMENT BY 1
    NO MINVALUE
    NO MAXVALUE
    CACHE 1
);


--
-- Name: tenants_tenantgroup; Type: TABLE; Schema: public; Owner: db_cyberuser
--

CREATE TABLE public.tenants_tenantgroup (
    id bigint NOT NULL,
    client_id bigint NOT NULL,
    group_id integer NOT NULL,
    description text
);


ALTER TABLE public.tenants_tenantgroup OWNER TO db_cyberuser;

--
-- Name: tenants_tenantgroup_id_seq; Type: SEQUENCE; Schema: public; Owner: db_cyberuser
--

ALTER TABLE public.tenants_tenantgroup ALTER COLUMN id ADD GENERATED BY DEFAULT AS IDENTITY (
    SEQUENCE NAME public.tenants_tenantgroup_id_seq
    START WITH 1
    INCREMENT BY 1
    NO MINVALUE
    NO MAXVALUE
    CACHE 1
);


--
-- Data for Name: accounts_customuser; Type: TABLE DATA; Schema: public; Owner: db_cyberuser
--

COPY public.accounts_customuser (id, password, last_login, is_superuser, username, first_name, last_name, email, is_staff, is_active, date_joined, department, extension, user_group, client_id) FROM stdin;
1	pbkdf2_sha256$870000$Hm30EsF4WKOdh4msGaCNhm$/3nS0INMe3yTQIJl1xuZ7guWviEue601IV556cGFppo=	2025-02-24 21:27:53.073869-05	t	admin2			lolarte@gmail.com	t	t	2025-02-22 13:10:43.847743-05	\N	\N	\N	1
2	pbkdf2_sha256$870000$Hm30EsF4WKOdh4msGaCNhm$/3nS0INMe3yTQIJl1xuZ7guWviEue601IV556cGFppo=	2025-02-24 21:28:43.538843-05	t	lolarte2	Luis	Olarte	luis.olarte@cng.edu	t	t	2025-02-22 14:24:31-05	Tec	3333	Tec	2
\.


--
-- Data for Name: accounts_customuser_groups; Type: TABLE DATA; Schema: public; Owner: db_cyberuser
--

COPY public.accounts_customuser_groups (id, customuser_id, group_id) FROM stdin;
1	2	4
\.


--
-- Data for Name: accounts_customuser_user_permissions; Type: TABLE DATA; Schema: public; Owner: db_cyberuser
--

COPY public.accounts_customuser_user_permissions (id, customuser_id, permission_id) FROM stdin;
1	2	22
\.


--
-- Data for Name: auth_group; Type: TABLE DATA; Schema: public; Owner: db_cyberuser
--

COPY public.auth_group (id, name) FROM stdin;
1	Technology
2	Finance
5	Tec2
4	TEC1
3	Gerencia
\.


--
-- Data for Name: auth_group_permissions; Type: TABLE DATA; Schema: public; Owner: db_cyberuser
--

COPY public.auth_group_permissions (id, group_id, permission_id) FROM stdin;
1	1	20
2	2	20
3	3	21
25	4	22
60	5	22
\.


--
-- Data for Name: auth_permission; Type: TABLE DATA; Schema: public; Owner: db_cyberuser
--

COPY public.auth_permission (id, name, content_type_id, codename) FROM stdin;
1	Can add log entry	1	add_logentry
2	Can change log entry	1	change_logentry
3	Can delete log entry	1	delete_logentry
4	Can view log entry	1	view_logentry
5	Can add permission	2	add_permission
6	Can change permission	2	change_permission
7	Can delete permission	2	delete_permission
8	Can view permission	2	view_permission
9	Can add group	3	add_group
10	Can change group	3	change_group
11	Can delete group	3	delete_group
12	Can view group	3	view_group
13	Can add content type	4	add_contenttype
14	Can change content type	4	change_contenttype
15	Can delete content type	4	delete_contenttype
16	Can view content type	4	view_contenttype
17	Can add session	5	add_session
18	Can change session	5	change_session
19	Can delete session	5	delete_session
20	Can view session	5	view_session
21	Can add user	6	add_customuser
22	Can change user	6	change_customuser
23	Can delete user	6	delete_customuser
24	Can view user	6	view_customuser
25	Can add phishing test log	7	add_phishingtestlog
26	Can change phishing test log	7	change_phishingtestlog
27	Can delete phishing test log	7	delete_phishingtestlog
28	Can view phishing test log	7	view_phishingtestlog
29	Can add campaign	8	add_campaign
30	Can change campaign	8	change_campaign
31	Can delete campaign	8	delete_campaign
32	Can view campaign	8	view_campaign
33	Can add email template	9	add_emailtemplate
34	Can change email template	9	change_emailtemplate
35	Can delete email template	9	delete_emailtemplate
36	Can view email template	9	view_emailtemplate
37	Can add attachment	10	add_attachment
38	Can change attachment	10	change_attachment
39	Can delete attachment	10	delete_attachment
40	Can view attachment	10	view_attachment
41	Can add pinned application	11	add_pinnedapplication
42	Can change pinned application	11	change_pinnedapplication
43	Can delete pinned application	11	delete_pinnedapplication
44	Can view pinned application	11	view_pinnedapplication
45	Can add bookmark	12	add_bookmark
46	Can change bookmark	12	change_bookmark
47	Can delete bookmark	12	delete_bookmark
48	Can view bookmark	12	view_bookmark
49	Can add client	13	add_client
50	Can change client	13	change_client
51	Can delete client	13	delete_client
52	Can view client	13	view_client
53	Can add tenant group	14	add_tenantgroup
54	Can change tenant group	14	change_tenantgroup
55	Can delete tenant group	14	delete_tenantgroup
56	Can view tenant group	14	view_tenantgroup
57	Can add tenant attachment	15	add_tenantattachment
58	Can change tenant attachment	15	change_tenantattachment
59	Can delete tenant attachment	15	delete_tenantattachment
60	Can view tenant attachment	15	view_tenantattachment
\.


--
-- Data for Name: campaigns_campaign; Type: TABLE DATA; Schema: public; Owner: db_cyberuser
--

COPY public.campaigns_campaign (id, title, start_date, end_date, number_of_emails, created_at, client_id) FROM stdin;
1	Test	2025-02-22 13:35:19-05	2025-02-22 13:35:23-05	1	2025-02-22 13:35:31.700938-05	1
2	Test2	2025-02-24 12:38:00-05	2025-02-24 12:38:00-05	1	2025-02-24 17:38:36.96144-05	2
\.


--
-- Data for Name: campaigns_campaign_groups; Type: TABLE DATA; Schema: public; Owner: db_cyberuser
--

COPY public.campaigns_campaign_groups (id, campaign_id, group_id) FROM stdin;
1	2	1
\.


--
-- Data for Name: campaigns_campaign_templates; Type: TABLE DATA; Schema: public; Owner: db_cyberuser
--

COPY public.campaigns_campaign_templates (id, campaign_id, emailtemplate_id) FROM stdin;
\.


--
-- Data for Name: campaigns_phishingtestlog; Type: TABLE DATA; Schema: public; Owner: db_cyberuser
--

COPY public.campaigns_phishingtestlog (id, action, "timestamp", campaign_id, user_id) FROM stdin;
1	reported	2025-02-24 20:45:38.551289-05	1	1
\.


--
-- Data for Name: django_admin_log; Type: TABLE DATA; Schema: public; Owner: db_cyberuser
--

COPY public.django_admin_log (id, action_time, object_id, object_repr, action_flag, change_message, content_type_id, user_id) FROM stdin;
1	2025-02-22 13:35:31.703936-05	1	Test	1	[{"added": {}}]	8	1
2	2025-02-22 14:24:31.504764-05	2	lolarte2	1	[{"added": {}}]	6	1
3	2025-02-22 14:25:10.733442-05	2	lolarte2	2	[{"changed": {"fields": ["First name", "Last name", "Email address"]}}]	6	1
4	2025-02-22 15:24:46.666432-05	1	Technology	1	[{"added": {}}]	3	1
5	2025-02-22 15:24:53.803611-05	2	Finance	1	[{"added": {}}]	3	1
6	2025-02-24 09:17:09.438389-05	1	Test	1	[{"added": {}}]	9	1
7	2025-02-24 09:17:23.52758-05	1	Test	2	[]	9	1
8	2025-02-24 10:44:14.117423-05	3	Phone3.jpg	3		10	1
9	2025-02-24 10:44:14.117423-05	2	Phone3.jpg	3		10	1
10	2025-02-24 10:44:14.117423-05	1	Phone3.jpg	3		10	1
11	2025-02-24 17:38:36.980481-05	2	Test2	1	[{"added": {}}]	8	2
12	2025-02-24 17:44:34.264353-05	2	Test2	2	[{"changed": {"fields": ["Templates"]}}]	8	2
13	2025-02-24 19:38:22.761507-05	3	Gerencia	1	[{"added": {}}]	3	2
14	2025-02-24 19:46:50.130835-05	4	TEC1	1	[{"added": {}}]	3	2
15	2025-02-24 19:47:08.300798-05	4	TEC1	2	[]	3	2
16	2025-02-24 20:15:03.680778-05	5	Tec2	1	[{"added": {}}]	3	2
17	2025-02-24 20:20:31.877922-05	4	TEC1	2	[{"changed": {"fields": ["Permissions"]}}]	3	2
18	2025-02-24 20:22:32.455108-05	1	Test	2	[{"changed": {"fields": ["Client"]}}]	9	1
19	2025-02-24 20:42:08.301071-05	3	Gerencia	2	[{"changed": {"fields": ["Description (Tenant-Specific)"]}}]	3	1
20	2025-02-24 20:43:56.173311-05	2	lolarte2	2	[{"changed": {"fields": ["Groups", "User permissions"]}}]	6	2
21	2025-02-24 20:45:38.556991-05	1	admin2 - Test - reported	1	[{"added": {}}]	7	2
22	2025-02-24 21:03:38.192035-05	2	Test 5	1	[{"added": {}}]	9	2
23	2025-02-24 21:09:22.808971-05	6	Outlier	1	[{"added": {}}]	10	2
24	2025-02-24 21:10:30.137214-05	2	Test 5	2	[{"changed": {"fields": ["Body"]}}]	9	2
25	2025-02-24 21:19:57.289433-05	2	Test 5	2	[{"changed": {"fields": ["Body"]}}]	9	2
26	2025-02-24 21:28:08.294451-05	5	test1.png	2	[{"changed": {"fields": ["Client (Superadmin Only)"]}}]	10	1
27	2025-02-24 21:28:14.251555-05	4	Phone3.jpg	2	[{"changed": {"fields": ["Client (Superadmin Only)"]}}]	10	1
28	2025-02-24 21:29:48.833804-05	3	Test4	1	[{"added": {}}]	9	2
29	2025-02-24 21:30:51.750593-05	3	Test4	2	[]	9	2
30	2025-02-24 21:40:11.632665-05	3	Test4	2	[{"changed": {"fields": ["Body"]}}]	9	2
31	2025-02-24 21:41:15.36351-05	3	Test4	2	[{"changed": {"fields": ["Body"]}}]	9	2
32	2025-02-24 21:45:46.563798-05	3	Test4	2	[{"changed": {"fields": ["Body"]}}]	9	2
33	2025-02-25 18:30:30.405046-05	3	Test4	2	[]	9	2
34	2025-02-25 18:33:17.585681-05	3	Test4	3		9	2
35	2025-02-25 18:33:28.35085-05	2	Test 5	3		9	2
36	2025-02-25 18:33:28.35085-05	1	Test	3		9	2
37	2025-02-25 18:34:18.982622-05	4	Test1	1	[{"added": {}}]	9	2
\.


--
-- Data for Name: django_content_type; Type: TABLE DATA; Schema: public; Owner: db_cyberuser
--

COPY public.django_content_type (id, app_label, model) FROM stdin;
1	admin	logentry
2	auth	permission
3	auth	group
4	contenttypes	contenttype
5	sessions	session
6	accounts	customuser
7	campaigns	phishingtestlog
8	campaigns	campaign
9	mailtemplates	emailtemplate
10	django_summernote	attachment
11	jet	pinnedapplication
12	jet	bookmark
13	tenants	client
14	tenants	tenantgroup
15	tenants	tenantattachment
\.


--
-- Data for Name: django_migrations; Type: TABLE DATA; Schema: public; Owner: db_cyberuser
--

COPY public.django_migrations (id, app, name, applied) FROM stdin;
1	contenttypes	0001_initial	2025-02-22 13:09:44.551835-05
2	contenttypes	0002_remove_content_type_name	2025-02-22 13:09:44.557835-05
3	auth	0001_initial	2025-02-22 13:09:44.604924-05
4	auth	0002_alter_permission_name_max_length	2025-02-22 13:09:44.608921-05
5	auth	0003_alter_user_email_max_length	2025-02-22 13:09:44.613085-05
6	auth	0004_alter_user_username_opts	2025-02-22 13:09:44.616085-05
7	auth	0005_alter_user_last_login_null	2025-02-22 13:09:44.620085-05
8	auth	0006_require_contenttypes_0002	2025-02-22 13:09:44.621085-05
9	auth	0007_alter_validators_add_error_messages	2025-02-22 13:09:44.625086-05
10	auth	0008_alter_user_username_max_length	2025-02-22 13:09:44.631277-05
11	auth	0009_alter_user_last_name_max_length	2025-02-22 13:09:44.651464-05
12	auth	0010_alter_group_name_max_length	2025-02-22 13:09:44.657978-05
13	auth	0011_update_proxy_permissions	2025-02-22 13:09:44.662141-05
14	auth	0012_alter_user_first_name_max_length	2025-02-22 13:09:44.667141-05
15	accounts	0001_initial	2025-02-22 13:09:44.728087-05
16	admin	0001_initial	2025-02-22 13:09:44.752274-05
17	admin	0002_logentry_remove_auto_add	2025-02-22 13:09:44.757272-05
18	admin	0003_logentry_add_action_flag_choices	2025-02-22 13:09:44.763444-05
19	sessions	0001_initial	2025-02-22 13:09:44.778671-05
20	campaigns	0001_initial	2025-02-22 13:29:58.603481-05
21	mailtemplates	0001_initial	2025-02-22 15:23:01.649597-05
22	campaigns	0002_remove_campaign_email_message_and_more	2025-02-22 15:23:01.739526-05
23	mailtemplates	0002_alter_emailtemplate_body	2025-02-23 10:29:44.587598-05
24	django_summernote	0001_initial	2025-02-24 08:36:29.187065-05
25	django_summernote	0002_update-help_text	2025-02-24 08:36:29.193069-05
26	jet	0001_initial	2025-02-24 10:27:32.877459-05
27	jet	0002_delete_userdashboardmodule	2025-02-24 10:27:32.878467-05
28	jet	0003_auto_20201228_1540	2025-02-24 10:27:32.879459-05
29	jet	0004_auto_20201228_1802	2025-02-24 10:27:32.88046-05
30	jet	0001_squashed_0004_auto_20201228_1802	2025-02-24 10:27:32.881459-05
31	tenants	0001_initial	2025-02-24 11:04:41.821779-05
32	accounts	0002_alter_customuser_managers_customuser_client	2025-02-24 16:09:56.604654-05
33	campaigns	0003_campaign_client	2025-02-24 16:18:00.562969-05
34	django_summernote	0003_alter_attachment_id	2025-02-24 16:18:00.577989-05
35	jet	0005_alter_bookmark_id_alter_pinnedapplication_id	2025-02-24 16:18:00.605251-05
36	mailtemplates	0003_emailtemplate_client	2025-02-24 16:18:00.624243-05
37	tenants	0002_tenantgroup	2025-02-24 19:35:16.291785-05
38	tenants	0003_tenantgroup_description	2025-02-24 20:41:36.752614-05
39	tenants	0004_tenantattachment	2025-02-24 20:50:38.038213-05
40	accounts	0003_alter_customuser_managers	2025-02-24 21:02:16.733149-05
41	mailtemplates	0004_alter_emailtemplate_managers	2025-02-24 21:02:16.739674-05
\.


--
-- Data for Name: django_session; Type: TABLE DATA; Schema: public; Owner: db_cyberuser
--

COPY public.django_session (session_key, session_data, expire_date) FROM stdin;
4jekasteo6a1wlnvelgkupj6ldlyqoxu	.eJxVjDsOwjAQBe_iGln-4g0lfc5grb1rHEC2lE-FuDtESgHtm5n3EhG3tcZt4TlOJC7CiNPvljA_uO2A7thuXebe1nlKclfkQRc5duLn9XD_Diou9Vujh5SBNLgSUlEOrLOO2bsy-EKDDZkzwNkrVtZojQDGm0AAqEkNjOL9Ad-oN4k:1tmkgd:jCkxjF1579vkBcDb1Olh8WZ50p1-GbtOT0g3Qnl1N_s	2025-03-10 21:28:43.540812-05
\.


--
-- Data for Name: django_summernote_attachment; Type: TABLE DATA; Schema: public; Owner: db_cyberuser
--

COPY public.django_summernote_attachment (id, name, file, uploaded) FROM stdin;
10	test1.png	django-summernote/2025-02-24/2cc3160a-f503-4129-bda0-a56c3531fce0.png	2025-02-24 21:40:08.891573-05
11	test1.png	django-summernote/2025-02-24/91d98d2e-e7d8-46e4-ab1d-7a2d5a37d0e7.png	2025-02-24 21:41:11.740699-05
12	Phone1.jpg	django-summernote/2025-02-24/f0c9fcbd-5ffd-4711-a814-0639a1609896.jpg	2025-02-24 21:45:43.853557-05
\.


--
-- Data for Name: jet_bookmark; Type: TABLE DATA; Schema: public; Owner: db_cyberuser
--

COPY public.jet_bookmark (id, url, title, user_id, date_add) FROM stdin;
\.


--
-- Data for Name: jet_pinnedapplication; Type: TABLE DATA; Schema: public; Owner: db_cyberuser
--

COPY public.jet_pinnedapplication (id, app_label, user_id, date_add) FROM stdin;
\.


--
-- Data for Name: mailtemplates_emailtemplate; Type: TABLE DATA; Schema: public; Owner: db_cyberuser
--

COPY public.mailtemplates_emailtemplate (id, name, subject, body, client_id) FROM stdin;
4	Test1	Test1	<p>AAA</p><p><br></p>	2
\.


--
-- Data for Name: tenants_client; Type: TABLE DATA; Schema: public; Owner: db_cyberuser
--

COPY public.tenants_client (id, name, slug, contact_name, contact_email, contact_phone, contact_plan, contact_payment_date) FROM stdin;
1	Super Admin	default					
2	cng	cng	Luis Olarte	luis.olarte@cng.edu	6012123511	Full	2025-03-01
\.


--
-- Data for Name: tenants_tenantattachment; Type: TABLE DATA; Schema: public; Owner: db_cyberuser
--

COPY public.tenants_tenantattachment (id, description, attachment_id, client_id) FROM stdin;
\.


--
-- Data for Name: tenants_tenantgroup; Type: TABLE DATA; Schema: public; Owner: db_cyberuser
--

COPY public.tenants_tenantgroup (id, client_id, group_id, description) FROM stdin;
2	2	5	\N
1	2	4	\N
3	1	3	Gerencia desc
\.


--
-- Name: accounts_customuser_groups_id_seq; Type: SEQUENCE SET; Schema: public; Owner: db_cyberuser
--

SELECT pg_catalog.setval('public.accounts_customuser_groups_id_seq', 1, true);


--
-- Name: accounts_customuser_id_seq; Type: SEQUENCE SET; Schema: public; Owner: db_cyberuser
--

SELECT pg_catalog.setval('public.accounts_customuser_id_seq', 2, true);


--
-- Name: accounts_customuser_user_permissions_id_seq; Type: SEQUENCE SET; Schema: public; Owner: db_cyberuser
--

SELECT pg_catalog.setval('public.accounts_customuser_user_permissions_id_seq', 1, true);


--
-- Name: auth_group_id_seq; Type: SEQUENCE SET; Schema: public; Owner: db_cyberuser
--

SELECT pg_catalog.setval('public.auth_group_id_seq', 5, true);


--
-- Name: auth_group_permissions_id_seq; Type: SEQUENCE SET; Schema: public; Owner: db_cyberuser
--

SELECT pg_catalog.setval('public.auth_group_permissions_id_seq', 60, true);


--
-- Name: auth_permission_id_seq; Type: SEQUENCE SET; Schema: public; Owner: db_cyberuser
--

SELECT pg_catalog.setval('public.auth_permission_id_seq', 60, true);


--
-- Name: campaigns_campaign_groups_id_seq; Type: SEQUENCE SET; Schema: public; Owner: db_cyberuser
--

SELECT pg_catalog.setval('public.campaigns_campaign_groups_id_seq', 1, true);


--
-- Name: campaigns_campaign_id_seq; Type: SEQUENCE SET; Schema: public; Owner: db_cyberuser
--

SELECT pg_catalog.setval('public.campaigns_campaign_id_seq', 2, true);


--
-- Name: campaigns_campaign_templates_id_seq; Type: SEQUENCE SET; Schema: public; Owner: db_cyberuser
--

SELECT pg_catalog.setval('public.campaigns_campaign_templates_id_seq', 1, true);


--
-- Name: campaigns_phishingtestlog_id_seq; Type: SEQUENCE SET; Schema: public; Owner: db_cyberuser
--

SELECT pg_catalog.setval('public.campaigns_phishingtestlog_id_seq', 1, true);


--
-- Name: django_admin_log_id_seq; Type: SEQUENCE SET; Schema: public; Owner: db_cyberuser
--

SELECT pg_catalog.setval('public.django_admin_log_id_seq', 37, true);


--
-- Name: django_content_type_id_seq; Type: SEQUENCE SET; Schema: public; Owner: db_cyberuser
--

SELECT pg_catalog.setval('public.django_content_type_id_seq', 15, true);


--
-- Name: django_migrations_id_seq; Type: SEQUENCE SET; Schema: public; Owner: db_cyberuser
--

SELECT pg_catalog.setval('public.django_migrations_id_seq', 41, true);


--
-- Name: django_summernote_attachment_id_seq; Type: SEQUENCE SET; Schema: public; Owner: db_cyberuser
--

SELECT pg_catalog.setval('public.django_summernote_attachment_id_seq', 12, true);


--
-- Name: jet_bookmark_id_seq; Type: SEQUENCE SET; Schema: public; Owner: db_cyberuser
--

SELECT pg_catalog.setval('public.jet_bookmark_id_seq', 1, false);


--
-- Name: jet_pinnedapplication_id_seq; Type: SEQUENCE SET; Schema: public; Owner: db_cyberuser
--

SELECT pg_catalog.setval('public.jet_pinnedapplication_id_seq', 1, false);


--
-- Name: mailtemplates_emailtemplate_id_seq; Type: SEQUENCE SET; Schema: public; Owner: db_cyberuser
--

SELECT pg_catalog.setval('public.mailtemplates_emailtemplate_id_seq', 4, true);


--
-- Name: tenants_client_id_seq; Type: SEQUENCE SET; Schema: public; Owner: db_cyberuser
--

SELECT pg_catalog.setval('public.tenants_client_id_seq', 5, true);


--
-- Name: tenants_tenantattachment_id_seq; Type: SEQUENCE SET; Schema: public; Owner: db_cyberuser
--

SELECT pg_catalog.setval('public.tenants_tenantattachment_id_seq', 3, true);


--
-- Name: tenants_tenantgroup_id_seq; Type: SEQUENCE SET; Schema: public; Owner: db_cyberuser
--

SELECT pg_catalog.setval('public.tenants_tenantgroup_id_seq', 3, true);


--
-- Name: accounts_customuser_groups accounts_customuser_groups_customuser_id_group_id_c074bdcb_uniq; Type: CONSTRAINT; Schema: public; Owner: db_cyberuser
--

ALTER TABLE ONLY public.accounts_customuser_groups
    ADD CONSTRAINT accounts_customuser_groups_customuser_id_group_id_c074bdcb_uniq UNIQUE (customuser_id, group_id);


--
-- Name: accounts_customuser_groups accounts_customuser_groups_pkey; Type: CONSTRAINT; Schema: public; Owner: db_cyberuser
--

ALTER TABLE ONLY public.accounts_customuser_groups
    ADD CONSTRAINT accounts_customuser_groups_pkey PRIMARY KEY (id);


--
-- Name: accounts_customuser accounts_customuser_pkey; Type: CONSTRAINT; Schema: public; Owner: db_cyberuser
--

ALTER TABLE ONLY public.accounts_customuser
    ADD CONSTRAINT accounts_customuser_pkey PRIMARY KEY (id);


--
-- Name: accounts_customuser_user_permissions accounts_customuser_user_customuser_id_permission_9632a709_uniq; Type: CONSTRAINT; Schema: public; Owner: db_cyberuser
--

ALTER TABLE ONLY public.accounts_customuser_user_permissions
    ADD CONSTRAINT accounts_customuser_user_customuser_id_permission_9632a709_uniq UNIQUE (customuser_id, permission_id);


--
-- Name: accounts_customuser_user_permissions accounts_customuser_user_permissions_pkey; Type: CONSTRAINT; Schema: public; Owner: db_cyberuser
--

ALTER TABLE ONLY public.accounts_customuser_user_permissions
    ADD CONSTRAINT accounts_customuser_user_permissions_pkey PRIMARY KEY (id);


--
-- Name: accounts_customuser accounts_customuser_username_key; Type: CONSTRAINT; Schema: public; Owner: db_cyberuser
--

ALTER TABLE ONLY public.accounts_customuser
    ADD CONSTRAINT accounts_customuser_username_key UNIQUE (username);


--
-- Name: auth_group auth_group_name_key; Type: CONSTRAINT; Schema: public; Owner: db_cyberuser
--

ALTER TABLE ONLY public.auth_group
    ADD CONSTRAINT auth_group_name_key UNIQUE (name);


--
-- Name: auth_group_permissions auth_group_permissions_group_id_permission_id_0cd325b0_uniq; Type: CONSTRAINT; Schema: public; Owner: db_cyberuser
--

ALTER TABLE ONLY public.auth_group_permissions
    ADD CONSTRAINT auth_group_permissions_group_id_permission_id_0cd325b0_uniq UNIQUE (group_id, permission_id);


--
-- Name: auth_group_permissions auth_group_permissions_pkey; Type: CONSTRAINT; Schema: public; Owner: db_cyberuser
--

ALTER TABLE ONLY public.auth_group_permissions
    ADD CONSTRAINT auth_group_permissions_pkey PRIMARY KEY (id);


--
-- Name: auth_group auth_group_pkey; Type: CONSTRAINT; Schema: public; Owner: db_cyberuser
--

ALTER TABLE ONLY public.auth_group
    ADD CONSTRAINT auth_group_pkey PRIMARY KEY (id);


--
-- Name: auth_permission auth_permission_content_type_id_codename_01ab375a_uniq; Type: CONSTRAINT; Schema: public; Owner: db_cyberuser
--

ALTER TABLE ONLY public.auth_permission
    ADD CONSTRAINT auth_permission_content_type_id_codename_01ab375a_uniq UNIQUE (content_type_id, codename);


--
-- Name: auth_permission auth_permission_pkey; Type: CONSTRAINT; Schema: public; Owner: db_cyberuser
--

ALTER TABLE ONLY public.auth_permission
    ADD CONSTRAINT auth_permission_pkey PRIMARY KEY (id);


--
-- Name: campaigns_campaign_groups campaigns_campaign_groups_campaign_id_group_id_b835771d_uniq; Type: CONSTRAINT; Schema: public; Owner: db_cyberuser
--

ALTER TABLE ONLY public.campaigns_campaign_groups
    ADD CONSTRAINT campaigns_campaign_groups_campaign_id_group_id_b835771d_uniq UNIQUE (campaign_id, group_id);


--
-- Name: campaigns_campaign_groups campaigns_campaign_groups_pkey; Type: CONSTRAINT; Schema: public; Owner: db_cyberuser
--

ALTER TABLE ONLY public.campaigns_campaign_groups
    ADD CONSTRAINT campaigns_campaign_groups_pkey PRIMARY KEY (id);


--
-- Name: campaigns_campaign campaigns_campaign_pkey; Type: CONSTRAINT; Schema: public; Owner: db_cyberuser
--

ALTER TABLE ONLY public.campaigns_campaign
    ADD CONSTRAINT campaigns_campaign_pkey PRIMARY KEY (id);


--
-- Name: campaigns_campaign_templates campaigns_campaign_templ_campaign_id_emailtemplat_4024b5eb_uniq; Type: CONSTRAINT; Schema: public; Owner: db_cyberuser
--

ALTER TABLE ONLY public.campaigns_campaign_templates
    ADD CONSTRAINT campaigns_campaign_templ_campaign_id_emailtemplat_4024b5eb_uniq UNIQUE (campaign_id, emailtemplate_id);


--
-- Name: campaigns_campaign_templates campaigns_campaign_templates_pkey; Type: CONSTRAINT; Schema: public; Owner: db_cyberuser
--

ALTER TABLE ONLY public.campaigns_campaign_templates
    ADD CONSTRAINT campaigns_campaign_templates_pkey PRIMARY KEY (id);


--
-- Name: campaigns_phishingtestlog campaigns_phishingtestlog_pkey; Type: CONSTRAINT; Schema: public; Owner: db_cyberuser
--

ALTER TABLE ONLY public.campaigns_phishingtestlog
    ADD CONSTRAINT campaigns_phishingtestlog_pkey PRIMARY KEY (id);


--
-- Name: django_admin_log django_admin_log_pkey; Type: CONSTRAINT; Schema: public; Owner: db_cyberuser
--

ALTER TABLE ONLY public.django_admin_log
    ADD CONSTRAINT django_admin_log_pkey PRIMARY KEY (id);


--
-- Name: django_content_type django_content_type_app_label_model_76bd3d3b_uniq; Type: CONSTRAINT; Schema: public; Owner: db_cyberuser
--

ALTER TABLE ONLY public.django_content_type
    ADD CONSTRAINT django_content_type_app_label_model_76bd3d3b_uniq UNIQUE (app_label, model);


--
-- Name: django_content_type django_content_type_pkey; Type: CONSTRAINT; Schema: public; Owner: db_cyberuser
--

ALTER TABLE ONLY public.django_content_type
    ADD CONSTRAINT django_content_type_pkey PRIMARY KEY (id);


--
-- Name: django_migrations django_migrations_pkey; Type: CONSTRAINT; Schema: public; Owner: db_cyberuser
--

ALTER TABLE ONLY public.django_migrations
    ADD CONSTRAINT django_migrations_pkey PRIMARY KEY (id);


--
-- Name: django_session django_session_pkey; Type: CONSTRAINT; Schema: public; Owner: db_cyberuser
--

ALTER TABLE ONLY public.django_session
    ADD CONSTRAINT django_session_pkey PRIMARY KEY (session_key);


--
-- Name: django_summernote_attachment django_summernote_attachment_pkey; Type: CONSTRAINT; Schema: public; Owner: db_cyberuser
--

ALTER TABLE ONLY public.django_summernote_attachment
    ADD CONSTRAINT django_summernote_attachment_pkey PRIMARY KEY (id);


--
-- Name: jet_bookmark jet_bookmark_pkey; Type: CONSTRAINT; Schema: public; Owner: db_cyberuser
--

ALTER TABLE ONLY public.jet_bookmark
    ADD CONSTRAINT jet_bookmark_pkey PRIMARY KEY (id);


--
-- Name: jet_pinnedapplication jet_pinnedapplication_pkey; Type: CONSTRAINT; Schema: public; Owner: db_cyberuser
--

ALTER TABLE ONLY public.jet_pinnedapplication
    ADD CONSTRAINT jet_pinnedapplication_pkey PRIMARY KEY (id);


--
-- Name: mailtemplates_emailtemplate mailtemplates_emailtemplate_pkey; Type: CONSTRAINT; Schema: public; Owner: db_cyberuser
--

ALTER TABLE ONLY public.mailtemplates_emailtemplate
    ADD CONSTRAINT mailtemplates_emailtemplate_pkey PRIMARY KEY (id);


--
-- Name: tenants_client tenants_client_pkey; Type: CONSTRAINT; Schema: public; Owner: db_cyberuser
--

ALTER TABLE ONLY public.tenants_client
    ADD CONSTRAINT tenants_client_pkey PRIMARY KEY (id);


--
-- Name: tenants_client tenants_client_slug_key; Type: CONSTRAINT; Schema: public; Owner: db_cyberuser
--

ALTER TABLE ONLY public.tenants_client
    ADD CONSTRAINT tenants_client_slug_key UNIQUE (slug);


--
-- Name: tenants_tenantattachment tenants_tenantattachment_attachment_id_key; Type: CONSTRAINT; Schema: public; Owner: db_cyberuser
--

ALTER TABLE ONLY public.tenants_tenantattachment
    ADD CONSTRAINT tenants_tenantattachment_attachment_id_key UNIQUE (attachment_id);


--
-- Name: tenants_tenantattachment tenants_tenantattachment_pkey; Type: CONSTRAINT; Schema: public; Owner: db_cyberuser
--

ALTER TABLE ONLY public.tenants_tenantattachment
    ADD CONSTRAINT tenants_tenantattachment_pkey PRIMARY KEY (id);


--
-- Name: tenants_tenantgroup tenants_tenantgroup_group_id_key; Type: CONSTRAINT; Schema: public; Owner: db_cyberuser
--

ALTER TABLE ONLY public.tenants_tenantgroup
    ADD CONSTRAINT tenants_tenantgroup_group_id_key UNIQUE (group_id);


--
-- Name: tenants_tenantgroup tenants_tenantgroup_pkey; Type: CONSTRAINT; Schema: public; Owner: db_cyberuser
--

ALTER TABLE ONLY public.tenants_tenantgroup
    ADD CONSTRAINT tenants_tenantgroup_pkey PRIMARY KEY (id);


--
-- Name: accounts_customuser_client_id_62df28a4; Type: INDEX; Schema: public; Owner: db_cyberuser
--

CREATE INDEX accounts_customuser_client_id_62df28a4 ON public.accounts_customuser USING btree (client_id);


--
-- Name: accounts_customuser_groups_customuser_id_bc55088e; Type: INDEX; Schema: public; Owner: db_cyberuser
--

CREATE INDEX accounts_customuser_groups_customuser_id_bc55088e ON public.accounts_customuser_groups USING btree (customuser_id);


--
-- Name: accounts_customuser_groups_group_id_86ba5f9e; Type: INDEX; Schema: public; Owner: db_cyberuser
--

CREATE INDEX accounts_customuser_groups_group_id_86ba5f9e ON public.accounts_customuser_groups USING btree (group_id);


--
-- Name: accounts_customuser_user_permissions_customuser_id_0deaefae; Type: INDEX; Schema: public; Owner: db_cyberuser
--

CREATE INDEX accounts_customuser_user_permissions_customuser_id_0deaefae ON public.accounts_customuser_user_permissions USING btree (customuser_id);


--
-- Name: accounts_customuser_user_permissions_permission_id_aea3d0e5; Type: INDEX; Schema: public; Owner: db_cyberuser
--

CREATE INDEX accounts_customuser_user_permissions_permission_id_aea3d0e5 ON public.accounts_customuser_user_permissions USING btree (permission_id);


--
-- Name: accounts_customuser_username_722f3555_like; Type: INDEX; Schema: public; Owner: db_cyberuser
--

CREATE INDEX accounts_customuser_username_722f3555_like ON public.accounts_customuser USING btree (username varchar_pattern_ops);


--
-- Name: auth_group_name_a6ea08ec_like; Type: INDEX; Schema: public; Owner: db_cyberuser
--

CREATE INDEX auth_group_name_a6ea08ec_like ON public.auth_group USING btree (name varchar_pattern_ops);


--
-- Name: auth_group_permissions_group_id_b120cbf9; Type: INDEX; Schema: public; Owner: db_cyberuser
--

CREATE INDEX auth_group_permissions_group_id_b120cbf9 ON public.auth_group_permissions USING btree (group_id);


--
-- Name: auth_group_permissions_permission_id_84c5c92e; Type: INDEX; Schema: public; Owner: db_cyberuser
--

CREATE INDEX auth_group_permissions_permission_id_84c5c92e ON public.auth_group_permissions USING btree (permission_id);


--
-- Name: auth_permission_content_type_id_2f476e4b; Type: INDEX; Schema: public; Owner: db_cyberuser
--

CREATE INDEX auth_permission_content_type_id_2f476e4b ON public.auth_permission USING btree (content_type_id);


--
-- Name: campaigns_campaign_client_id_6185818a; Type: INDEX; Schema: public; Owner: db_cyberuser
--

CREATE INDEX campaigns_campaign_client_id_6185818a ON public.campaigns_campaign USING btree (client_id);


--
-- Name: campaigns_campaign_groups_campaign_id_cbcc4064; Type: INDEX; Schema: public; Owner: db_cyberuser
--

CREATE INDEX campaigns_campaign_groups_campaign_id_cbcc4064 ON public.campaigns_campaign_groups USING btree (campaign_id);


--
-- Name: campaigns_campaign_groups_group_id_594afd91; Type: INDEX; Schema: public; Owner: db_cyberuser
--

CREATE INDEX campaigns_campaign_groups_group_id_594afd91 ON public.campaigns_campaign_groups USING btree (group_id);


--
-- Name: campaigns_campaign_templates_campaign_id_fb541093; Type: INDEX; Schema: public; Owner: db_cyberuser
--

CREATE INDEX campaigns_campaign_templates_campaign_id_fb541093 ON public.campaigns_campaign_templates USING btree (campaign_id);


--
-- Name: campaigns_campaign_templates_emailtemplate_id_9b353cdd; Type: INDEX; Schema: public; Owner: db_cyberuser
--

CREATE INDEX campaigns_campaign_templates_emailtemplate_id_9b353cdd ON public.campaigns_campaign_templates USING btree (emailtemplate_id);


--
-- Name: campaigns_phishingtestlog_campaign_id_90834048; Type: INDEX; Schema: public; Owner: db_cyberuser
--

CREATE INDEX campaigns_phishingtestlog_campaign_id_90834048 ON public.campaigns_phishingtestlog USING btree (campaign_id);


--
-- Name: campaigns_phishingtestlog_user_id_d676bec3; Type: INDEX; Schema: public; Owner: db_cyberuser
--

CREATE INDEX campaigns_phishingtestlog_user_id_d676bec3 ON public.campaigns_phishingtestlog USING btree (user_id);


--
-- Name: django_admin_log_content_type_id_c4bce8eb; Type: INDEX; Schema: public; Owner: db_cyberuser
--

CREATE INDEX django_admin_log_content_type_id_c4bce8eb ON public.django_admin_log USING btree (content_type_id);


--
-- Name: django_admin_log_user_id_c564eba6; Type: INDEX; Schema: public; Owner: db_cyberuser
--

CREATE INDEX django_admin_log_user_id_c564eba6 ON public.django_admin_log USING btree (user_id);


--
-- Name: django_session_expire_date_a5c62663; Type: INDEX; Schema: public; Owner: db_cyberuser
--

CREATE INDEX django_session_expire_date_a5c62663 ON public.django_session USING btree (expire_date);


--
-- Name: django_session_session_key_c0390e0f_like; Type: INDEX; Schema: public; Owner: db_cyberuser
--

CREATE INDEX django_session_session_key_c0390e0f_like ON public.django_session USING btree (session_key varchar_pattern_ops);


--
-- Name: jet_bookmark_user_id_8efdc332; Type: INDEX; Schema: public; Owner: db_cyberuser
--

CREATE INDEX jet_bookmark_user_id_8efdc332 ON public.jet_bookmark USING btree (user_id);


--
-- Name: jet_pinnedapplication_user_id_7765bcf9; Type: INDEX; Schema: public; Owner: db_cyberuser
--

CREATE INDEX jet_pinnedapplication_user_id_7765bcf9 ON public.jet_pinnedapplication USING btree (user_id);


--
-- Name: mailtemplates_emailtemplate_client_id_e2f8e8a6; Type: INDEX; Schema: public; Owner: db_cyberuser
--

CREATE INDEX mailtemplates_emailtemplate_client_id_e2f8e8a6 ON public.mailtemplates_emailtemplate USING btree (client_id);


--
-- Name: tenants_client_slug_8a691f8f_like; Type: INDEX; Schema: public; Owner: db_cyberuser
--

CREATE INDEX tenants_client_slug_8a691f8f_like ON public.tenants_client USING btree (slug varchar_pattern_ops);


--
-- Name: tenants_tenantattachment_client_id_80a83b52; Type: INDEX; Schema: public; Owner: db_cyberuser
--

CREATE INDEX tenants_tenantattachment_client_id_80a83b52 ON public.tenants_tenantattachment USING btree (client_id);


--
-- Name: tenants_tenantgroup_client_id_06bc22b6; Type: INDEX; Schema: public; Owner: db_cyberuser
--

CREATE INDEX tenants_tenantgroup_client_id_06bc22b6 ON public.tenants_tenantgroup USING btree (client_id);


--
-- Name: accounts_customuser_user_permissions accounts_customuser__customuser_id_0deaefae_fk_accounts_; Type: FK CONSTRAINT; Schema: public; Owner: db_cyberuser
--

ALTER TABLE ONLY public.accounts_customuser_user_permissions
    ADD CONSTRAINT accounts_customuser__customuser_id_0deaefae_fk_accounts_ FOREIGN KEY (customuser_id) REFERENCES public.accounts_customuser(id) DEFERRABLE INITIALLY DEFERRED;


--
-- Name: accounts_customuser_groups accounts_customuser__customuser_id_bc55088e_fk_accounts_; Type: FK CONSTRAINT; Schema: public; Owner: db_cyberuser
--

ALTER TABLE ONLY public.accounts_customuser_groups
    ADD CONSTRAINT accounts_customuser__customuser_id_bc55088e_fk_accounts_ FOREIGN KEY (customuser_id) REFERENCES public.accounts_customuser(id) DEFERRABLE INITIALLY DEFERRED;


--
-- Name: accounts_customuser_user_permissions accounts_customuser__permission_id_aea3d0e5_fk_auth_perm; Type: FK CONSTRAINT; Schema: public; Owner: db_cyberuser
--

ALTER TABLE ONLY public.accounts_customuser_user_permissions
    ADD CONSTRAINT accounts_customuser__permission_id_aea3d0e5_fk_auth_perm FOREIGN KEY (permission_id) REFERENCES public.auth_permission(id) DEFERRABLE INITIALLY DEFERRED;


--
-- Name: accounts_customuser accounts_customuser_client_id_62df28a4_fk_tenants_client_id; Type: FK CONSTRAINT; Schema: public; Owner: db_cyberuser
--

ALTER TABLE ONLY public.accounts_customuser
    ADD CONSTRAINT accounts_customuser_client_id_62df28a4_fk_tenants_client_id FOREIGN KEY (client_id) REFERENCES public.tenants_client(id) DEFERRABLE INITIALLY DEFERRED;


--
-- Name: accounts_customuser_groups accounts_customuser_groups_group_id_86ba5f9e_fk_auth_group_id; Type: FK CONSTRAINT; Schema: public; Owner: db_cyberuser
--

ALTER TABLE ONLY public.accounts_customuser_groups
    ADD CONSTRAINT accounts_customuser_groups_group_id_86ba5f9e_fk_auth_group_id FOREIGN KEY (group_id) REFERENCES public.auth_group(id) DEFERRABLE INITIALLY DEFERRED;


--
-- Name: auth_group_permissions auth_group_permissio_permission_id_84c5c92e_fk_auth_perm; Type: FK CONSTRAINT; Schema: public; Owner: db_cyberuser
--

ALTER TABLE ONLY public.auth_group_permissions
    ADD CONSTRAINT auth_group_permissio_permission_id_84c5c92e_fk_auth_perm FOREIGN KEY (permission_id) REFERENCES public.auth_permission(id) DEFERRABLE INITIALLY DEFERRED;


--
-- Name: auth_group_permissions auth_group_permissions_group_id_b120cbf9_fk_auth_group_id; Type: FK CONSTRAINT; Schema: public; Owner: db_cyberuser
--

ALTER TABLE ONLY public.auth_group_permissions
    ADD CONSTRAINT auth_group_permissions_group_id_b120cbf9_fk_auth_group_id FOREIGN KEY (group_id) REFERENCES public.auth_group(id) DEFERRABLE INITIALLY DEFERRED;


--
-- Name: auth_permission auth_permission_content_type_id_2f476e4b_fk_django_co; Type: FK CONSTRAINT; Schema: public; Owner: db_cyberuser
--

ALTER TABLE ONLY public.auth_permission
    ADD CONSTRAINT auth_permission_content_type_id_2f476e4b_fk_django_co FOREIGN KEY (content_type_id) REFERENCES public.django_content_type(id) DEFERRABLE INITIALLY DEFERRED;


--
-- Name: campaigns_campaign campaigns_campaign_client_id_6185818a_fk_tenants_client_id; Type: FK CONSTRAINT; Schema: public; Owner: db_cyberuser
--

ALTER TABLE ONLY public.campaigns_campaign
    ADD CONSTRAINT campaigns_campaign_client_id_6185818a_fk_tenants_client_id FOREIGN KEY (client_id) REFERENCES public.tenants_client(id) DEFERRABLE INITIALLY DEFERRED;


--
-- Name: campaigns_campaign_groups campaigns_campaign_g_campaign_id_cbcc4064_fk_campaigns; Type: FK CONSTRAINT; Schema: public; Owner: db_cyberuser
--

ALTER TABLE ONLY public.campaigns_campaign_groups
    ADD CONSTRAINT campaigns_campaign_g_campaign_id_cbcc4064_fk_campaigns FOREIGN KEY (campaign_id) REFERENCES public.campaigns_campaign(id) DEFERRABLE INITIALLY DEFERRED;


--
-- Name: campaigns_campaign_groups campaigns_campaign_groups_group_id_594afd91_fk_auth_group_id; Type: FK CONSTRAINT; Schema: public; Owner: db_cyberuser
--

ALTER TABLE ONLY public.campaigns_campaign_groups
    ADD CONSTRAINT campaigns_campaign_groups_group_id_594afd91_fk_auth_group_id FOREIGN KEY (group_id) REFERENCES public.auth_group(id) DEFERRABLE INITIALLY DEFERRED;


--
-- Name: campaigns_campaign_templates campaigns_campaign_t_campaign_id_fb541093_fk_campaigns; Type: FK CONSTRAINT; Schema: public; Owner: db_cyberuser
--

ALTER TABLE ONLY public.campaigns_campaign_templates
    ADD CONSTRAINT campaigns_campaign_t_campaign_id_fb541093_fk_campaigns FOREIGN KEY (campaign_id) REFERENCES public.campaigns_campaign(id) DEFERRABLE INITIALLY DEFERRED;


--
-- Name: campaigns_campaign_templates campaigns_campaign_t_emailtemplate_id_9b353cdd_fk_mailtempl; Type: FK CONSTRAINT; Schema: public; Owner: db_cyberuser
--

ALTER TABLE ONLY public.campaigns_campaign_templates
    ADD CONSTRAINT campaigns_campaign_t_emailtemplate_id_9b353cdd_fk_mailtempl FOREIGN KEY (emailtemplate_id) REFERENCES public.mailtemplates_emailtemplate(id) DEFERRABLE INITIALLY DEFERRED;


--
-- Name: campaigns_phishingtestlog campaigns_phishingte_campaign_id_90834048_fk_campaigns; Type: FK CONSTRAINT; Schema: public; Owner: db_cyberuser
--

ALTER TABLE ONLY public.campaigns_phishingtestlog
    ADD CONSTRAINT campaigns_phishingte_campaign_id_90834048_fk_campaigns FOREIGN KEY (campaign_id) REFERENCES public.campaigns_campaign(id) DEFERRABLE INITIALLY DEFERRED;


--
-- Name: campaigns_phishingtestlog campaigns_phishingte_user_id_d676bec3_fk_accounts_; Type: FK CONSTRAINT; Schema: public; Owner: db_cyberuser
--

ALTER TABLE ONLY public.campaigns_phishingtestlog
    ADD CONSTRAINT campaigns_phishingte_user_id_d676bec3_fk_accounts_ FOREIGN KEY (user_id) REFERENCES public.accounts_customuser(id) DEFERRABLE INITIALLY DEFERRED;


--
-- Name: django_admin_log django_admin_log_content_type_id_c4bce8eb_fk_django_co; Type: FK CONSTRAINT; Schema: public; Owner: db_cyberuser
--

ALTER TABLE ONLY public.django_admin_log
    ADD CONSTRAINT django_admin_log_content_type_id_c4bce8eb_fk_django_co FOREIGN KEY (content_type_id) REFERENCES public.django_content_type(id) DEFERRABLE INITIALLY DEFERRED;


--
-- Name: django_admin_log django_admin_log_user_id_c564eba6_fk_accounts_customuser_id; Type: FK CONSTRAINT; Schema: public; Owner: db_cyberuser
--

ALTER TABLE ONLY public.django_admin_log
    ADD CONSTRAINT django_admin_log_user_id_c564eba6_fk_accounts_customuser_id FOREIGN KEY (user_id) REFERENCES public.accounts_customuser(id) DEFERRABLE INITIALLY DEFERRED;


--
-- Name: jet_bookmark jet_bookmark_user_id_8efdc332_fk_accounts_customuser_id; Type: FK CONSTRAINT; Schema: public; Owner: db_cyberuser
--

ALTER TABLE ONLY public.jet_bookmark
    ADD CONSTRAINT jet_bookmark_user_id_8efdc332_fk_accounts_customuser_id FOREIGN KEY (user_id) REFERENCES public.accounts_customuser(id) DEFERRABLE INITIALLY DEFERRED;


--
-- Name: jet_pinnedapplication jet_pinnedapplicatio_user_id_7765bcf9_fk_accounts_; Type: FK CONSTRAINT; Schema: public; Owner: db_cyberuser
--

ALTER TABLE ONLY public.jet_pinnedapplication
    ADD CONSTRAINT jet_pinnedapplicatio_user_id_7765bcf9_fk_accounts_ FOREIGN KEY (user_id) REFERENCES public.accounts_customuser(id) DEFERRABLE INITIALLY DEFERRED;


--
-- Name: mailtemplates_emailtemplate mailtemplates_emailt_client_id_e2f8e8a6_fk_tenants_c; Type: FK CONSTRAINT; Schema: public; Owner: db_cyberuser
--

ALTER TABLE ONLY public.mailtemplates_emailtemplate
    ADD CONSTRAINT mailtemplates_emailt_client_id_e2f8e8a6_fk_tenants_c FOREIGN KEY (client_id) REFERENCES public.tenants_client(id) DEFERRABLE INITIALLY DEFERRED;


--
-- Name: tenants_tenantattachment tenants_tenantattach_attachment_id_85c8993b_fk_django_su; Type: FK CONSTRAINT; Schema: public; Owner: db_cyberuser
--

ALTER TABLE ONLY public.tenants_tenantattachment
    ADD CONSTRAINT tenants_tenantattach_attachment_id_85c8993b_fk_django_su FOREIGN KEY (attachment_id) REFERENCES public.django_summernote_attachment(id) DEFERRABLE INITIALLY DEFERRED;


--
-- Name: tenants_tenantattachment tenants_tenantattach_client_id_80a83b52_fk_tenants_c; Type: FK CONSTRAINT; Schema: public; Owner: db_cyberuser
--

ALTER TABLE ONLY public.tenants_tenantattachment
    ADD CONSTRAINT tenants_tenantattach_client_id_80a83b52_fk_tenants_c FOREIGN KEY (client_id) REFERENCES public.tenants_client(id) DEFERRABLE INITIALLY DEFERRED;


--
-- Name: tenants_tenantgroup tenants_tenantgroup_client_id_06bc22b6_fk_tenants_client_id; Type: FK CONSTRAINT; Schema: public; Owner: db_cyberuser
--

ALTER TABLE ONLY public.tenants_tenantgroup
    ADD CONSTRAINT tenants_tenantgroup_client_id_06bc22b6_fk_tenants_client_id FOREIGN KEY (client_id) REFERENCES public.tenants_client(id) DEFERRABLE INITIALLY DEFERRED;


--
-- Name: tenants_tenantgroup tenants_tenantgroup_group_id_8aa4690e_fk_auth_group_id; Type: FK CONSTRAINT; Schema: public; Owner: db_cyberuser
--

ALTER TABLE ONLY public.tenants_tenantgroup
    ADD CONSTRAINT tenants_tenantgroup_group_id_8aa4690e_fk_auth_group_id FOREIGN KEY (group_id) REFERENCES public.auth_group(id) DEFERRABLE INITIALLY DEFERRED;


--
-- Name: SCHEMA public; Type: ACL; Schema: -; Owner: pg_database_owner
--

GRANT ALL ON SCHEMA public TO db_cyberuser;


--
-- PostgreSQL database dump complete
--

